{
  "_format": "ethers-rs-sol-cache-3",
  "paths": {
    "artifacts": "out",
    "build_infos": "out/build-info",
    "sources": "src",
    "tests": "test",
    "scripts": "script",
    "libraries": [
      "lib"
    ]
  },
  "files": {
    "lib/forge-std/lib/ds-test/src/test.sol": {
      "lastModificationDate": 1683019092966,
      "contentHash": "2df678a5b2611e0d7bc9ef6745d19157",
      "sourceName": "lib/forge-std/lib/ds-test/src/test.sol",
      "solcConfig": {
        "settings": {
          "optimizer": {
            "enabled": true,
            "runs": 200
          },
          "metadata": {
            "bytecodeHash": "ipfs",
            "appendCBOR": true
          },
          "outputSelection": {
            "*": {
              "": [
                "ast"
              ],
              "*": [
                "abi",
                "evm.bytecode",
                "evm.deployedBytecode",
                "evm.methodIdentifiers",
                "metadata"
              ]
            }
          },
          "evmVersion": "london",
          "libraries": {}
        }
      },
      "imports": [],
      "versionRequirement": ">=0.5.0",
      "artifacts": {
        "DSTest": {
          "0.8.19+commit.7dd6d404.Windows.msvc": "test.sol\\DSTest.json"
        }
      }
    },
    "lib/forge-std/src/Base.sol": {
      "lastModificationDate": 1683019056098,
      "contentHash": "2a76a316dab98751b739247982ac8576",
      "sourceName": "lib/forge-std/src/Base.sol",
      "solcConfig": {
        "settings": {
          "optimizer": {
            "enabled": true,
            "runs": 200
          },
          "metadata": {
            "bytecodeHash": "ipfs",
            "appendCBOR": true
          },
          "outputSelection": {
            "*": {
              "": [
                "ast"
              ],
              "*": [
                "abi",
                "evm.bytecode",
                "evm.deployedBytecode",
                "evm.methodIdentifiers",
                "metadata"
              ]
            }
          },
          "evmVersion": "london",
          "libraries": {}
        }
      },
      "imports": [
        "lib/forge-std/src/StdStorage.sol",
        "lib/forge-std/src/Vm.sol"
      ],
      "versionRequirement": ">=0.6.2, <0.9.0",
      "artifacts": {
        "CommonBase": {
          "0.8.19+commit.7dd6d404.Windows.msvc": "Base.sol\\CommonBase.json"
        },
        "ScriptBase": {
          "0.8.19+commit.7dd6d404.Windows.msvc": "Base.sol\\ScriptBase.json"
        },
        "TestBase": {
          "0.8.19+commit.7dd6d404.Windows.msvc": "Base.sol\\TestBase.json"
        }
      }
    },
    "lib/forge-std/src/StdAssertions.sol": {
      "lastModificationDate": 1683019056098,
      "contentHash": "d136ed3be15b16e8875196a38f225c2f",
      "sourceName": "lib/forge-std/src/StdAssertions.sol",
      "solcConfig": {
        "settings": {
          "optimizer": {
            "enabled": true,
            "runs": 200
          },
          "metadata": {
            "bytecodeHash": "ipfs",
            "appendCBOR": true
          },
          "outputSelection": {
            "*": {
              "": [
                "ast"
              ],
              "*": [
                "abi",
                "evm.bytecode",
                "evm.deployedBytecode",
                "evm.methodIdentifiers",
                "metadata"
              ]
            }
          },
          "evmVersion": "london",
          "libraries": {}
        }
      },
      "imports": [
        "lib/forge-std/lib/ds-test/src\\test.sol",
        "lib/forge-std/src/StdMath.sol"
      ],
      "versionRequirement": ">=0.6.2, <0.9.0",
      "artifacts": {
        "StdAssertions": {
          "0.8.19+commit.7dd6d404.Windows.msvc": "StdAssertions.sol\\StdAssertions.json"
        }
      }
    },
    "lib/forge-std/src/StdChains.sol": {
      "lastModificationDate": 1683019056098,
      "contentHash": "d75b0932ed7049ad6df599bde02d125f",
      "sourceName": "lib/forge-std/src/StdChains.sol",
      "solcConfig": {
        "settings": {
          "optimizer": {
            "enabled": true,
            "runs": 200
          },
          "metadata": {
            "bytecodeHash": "ipfs",
            "appendCBOR": true
          },
          "outputSelection": {
            "*": {
              "": [
                "ast"
              ],
              "*": [
                "abi",
                "evm.bytecode",
                "evm.deployedBytecode",
                "evm.methodIdentifiers",
                "metadata"
              ]
            }
          },
          "evmVersion": "london",
          "libraries": {}
        }
      },
      "imports": [
        "lib/forge-std/src/Vm.sol"
      ],
      "versionRequirement": ">=0.6.2, <0.9.0",
      "artifacts": {
        "StdChains": {
          "0.8.19+commit.7dd6d404.Windows.msvc": "StdChains.sol\\StdChains.json"
        }
      }
    },
    "lib/forge-std/src/StdCheats.sol": {
      "lastModificationDate": 1683019056098,
      "contentHash": "27f7037d3ce568cac654c20032ed71e3",
      "sourceName": "lib/forge-std/src/StdCheats.sol",
      "solcConfig": {
        "settings": {
          "optimizer": {
            "enabled": true,
            "runs": 200
          },
          "metadata": {
            "bytecodeHash": "ipfs",
            "appendCBOR": true
          },
          "outputSelection": {
            "*": {
              "": [
                "ast"
              ],
              "*": [
                "abi",
                "evm.bytecode",
                "evm.deployedBytecode",
                "evm.methodIdentifiers",
                "metadata"
              ]
            }
          },
          "evmVersion": "london",
          "libraries": {}
        }
      },
      "imports": [
        "lib/forge-std/src/StdStorage.sol",
        "lib/forge-std/src/Vm.sol"
      ],
      "versionRequirement": ">=0.6.2, <0.9.0",
      "artifacts": {
        "StdCheats": {
          "0.8.19+commit.7dd6d404.Windows.msvc": "StdCheats.sol\\StdCheats.json"
        },
        "StdCheatsSafe": {
          "0.8.19+commit.7dd6d404.Windows.msvc": "StdCheats.sol\\StdCheatsSafe.json"
        }
      }
    },
    "lib/forge-std/src/StdError.sol": {
      "lastModificationDate": 1683019056098,
      "contentHash": "8c35ad419c5b8748575080db5fd58cae",
      "sourceName": "lib/forge-std/src/StdError.sol",
      "solcConfig": {
        "settings": {
          "optimizer": {
            "enabled": true,
            "runs": 200
          },
          "metadata": {
            "bytecodeHash": "ipfs",
            "appendCBOR": true
          },
          "outputSelection": {
            "*": {
              "": [
                "ast"
              ],
              "*": [
                "abi",
                "evm.bytecode",
                "evm.deployedBytecode",
                "evm.methodIdentifiers",
                "metadata"
              ]
            }
          },
          "evmVersion": "london",
          "libraries": {}
        }
      },
      "imports": [],
      "versionRequirement": ">=0.6.2, <0.9.0",
      "artifacts": {
        "stdError": {
          "0.8.19+commit.7dd6d404.Windows.msvc": "StdError.sol\\stdError.json"
        }
      }
    },
    "lib/forge-std/src/StdInvariant.sol": {
      "lastModificationDate": 1683019056098,
      "contentHash": "3525c75dbb49f9af908a943d9ea635cf",
      "sourceName": "lib/forge-std/src/StdInvariant.sol",
      "solcConfig": {
        "settings": {
          "optimizer": {
            "enabled": true,
            "runs": 200
          },
          "metadata": {
            "bytecodeHash": "ipfs",
            "appendCBOR": true
          },
          "outputSelection": {
            "*": {
              "": [
                "ast"
              ],
              "*": [
                "abi",
                "evm.bytecode",
                "evm.deployedBytecode",
                "evm.methodIdentifiers",
                "metadata"
              ]
            }
          },
          "evmVersion": "london",
          "libraries": {}
        }
      },
      "imports": [],
      "versionRequirement": ">=0.6.2, <0.9.0",
      "artifacts": {
        "StdInvariant": {
          "0.8.19+commit.7dd6d404.Windows.msvc": "StdInvariant.sol\\StdInvariant.json"
        }
      }
    },
    "lib/forge-std/src/StdJson.sol": {
      "lastModificationDate": 1683019056098,
      "contentHash": "71c2c9083583f2adbe0d07a725689def",
      "sourceName": "lib/forge-std/src/StdJson.sol",
      "solcConfig": {
        "settings": {
          "optimizer": {
            "enabled": true,
            "runs": 200
          },
          "metadata": {
            "bytecodeHash": "ipfs",
            "appendCBOR": true
          },
          "outputSelection": {
            "*": {
              "": [
                "ast"
              ],
              "*": [
                "abi",
                "evm.bytecode",
                "evm.deployedBytecode",
                "evm.methodIdentifiers",
                "metadata"
              ]
            }
          },
          "evmVersion": "london",
          "libraries": {}
        }
      },
      "imports": [
        "lib/forge-std/src/Vm.sol"
      ],
      "versionRequirement": ">=0.6.0, <0.9.0",
      "artifacts": {
        "stdJson": {
          "0.8.19+commit.7dd6d404.Windows.msvc": "StdJson.sol\\stdJson.json"
        }
      }
    },
    "lib/forge-std/src/StdMath.sol": {
      "lastModificationDate": 1683019056098,
      "contentHash": "fc64b149e462e64dea89f50e9cc0318f",
      "sourceName": "lib/forge-std/src/StdMath.sol",
      "solcConfig": {
        "settings": {
          "optimizer": {
            "enabled": true,
            "runs": 200
          },
          "metadata": {
            "bytecodeHash": "ipfs",
            "appendCBOR": true
          },
          "outputSelection": {
            "*": {
              "": [
                "ast"
              ],
              "*": [
                "abi",
                "evm.bytecode",
                "evm.deployedBytecode",
                "evm.methodIdentifiers",
                "metadata"
              ]
            }
          },
          "evmVersion": "london",
          "libraries": {}
        }
      },
      "imports": [],
      "versionRequirement": ">=0.6.2, <0.9.0",
      "artifacts": {
        "stdMath": {
          "0.8.19+commit.7dd6d404.Windows.msvc": "StdMath.sol\\stdMath.json"
        }
      }
    },
    "lib/forge-std/src/StdStorage.sol": {
      "lastModificationDate": 1683019056098,
      "contentHash": "956a40f1cecbf085f687f818356dc22a",
      "sourceName": "lib/forge-std/src/StdStorage.sol",
      "solcConfig": {
        "settings": {
          "optimizer": {
            "enabled": true,
            "runs": 200
          },
          "metadata": {
            "bytecodeHash": "ipfs",
            "appendCBOR": true
          },
          "outputSelection": {
            "*": {
              "": [
                "ast"
              ],
              "*": [
                "abi",
                "evm.bytecode",
                "evm.deployedBytecode",
                "evm.methodIdentifiers",
                "metadata"
              ]
            }
          },
          "evmVersion": "london",
          "libraries": {}
        }
      },
      "imports": [
        "lib/forge-std/src/Vm.sol"
      ],
      "versionRequirement": ">=0.6.2, <0.9.0",
      "artifacts": {
        "stdStorage": {
          "0.8.19+commit.7dd6d404.Windows.msvc": "StdStorage.sol\\stdStorage.json"
        },
        "stdStorageSafe": {
          "0.8.19+commit.7dd6d404.Windows.msvc": "StdStorage.sol\\stdStorageSafe.json"
        }
      }
    },
    "lib/forge-std/src/StdStyle.sol": {
      "lastModificationDate": 1683019056098,
      "contentHash": "bc32c9e9afd157bb02836b279d2223c5",
      "sourceName": "lib/forge-std/src/StdStyle.sol",
      "solcConfig": {
        "settings": {
          "optimizer": {
            "enabled": true,
            "runs": 200
          },
          "metadata": {
            "bytecodeHash": "ipfs",
            "appendCBOR": true
          },
          "outputSelection": {
            "*": {
              "": [
                "ast"
              ],
              "*": [
                "abi",
                "evm.bytecode",
                "evm.deployedBytecode",
                "evm.methodIdentifiers",
                "metadata"
              ]
            }
          },
          "evmVersion": "london",
          "libraries": {}
        }
      },
      "imports": [
        "lib/forge-std/src/Vm.sol"
      ],
      "versionRequirement": ">=0.4.22, <0.9.0",
      "artifacts": {
        "StdStyle": {
          "0.8.19+commit.7dd6d404.Windows.msvc": "StdStyle.sol\\StdStyle.json"
        }
      }
    },
    "lib/forge-std/src/StdUtils.sol": {
      "lastModificationDate": 1683019056098,
      "contentHash": "2b2cfd9859c68fa78b9e2aff05a80d87",
      "sourceName": "lib/forge-std/src/StdUtils.sol",
      "solcConfig": {
        "settings": {
          "optimizer": {
            "enabled": true,
            "runs": 200
          },
          "metadata": {
            "bytecodeHash": "ipfs",
            "appendCBOR": true
          },
          "outputSelection": {
            "*": {
              "": [
                "ast"
              ],
              "*": [
                "abi",
                "evm.bytecode",
                "evm.deployedBytecode",
                "evm.methodIdentifiers",
                "metadata"
              ]
            }
          },
          "evmVersion": "london",
          "libraries": {}
        }
      },
      "imports": [
        "lib/forge-std/src/Vm.sol",
        "lib/forge-std/src/interfaces/IMulticall3.sol"
      ],
      "versionRequirement": ">=0.6.2, <0.9.0",
      "artifacts": {
        "StdUtils": {
          "0.8.19+commit.7dd6d404.Windows.msvc": "StdUtils.sol\\StdUtils.json"
        }
      }
    },
    "lib/forge-std/src/Test.sol": {
      "lastModificationDate": 1683019056098,
      "contentHash": "53342ae9785fc6ae53971b57c6ab41d3",
      "sourceName": "lib/forge-std/src/Test.sol",
      "solcConfig": {
        "settings": {
          "optimizer": {
            "enabled": true,
            "runs": 200
          },
          "metadata": {
            "bytecodeHash": "ipfs",
            "appendCBOR": true
          },
          "outputSelection": {
            "*": {
              "": [
                "ast"
              ],
              "*": [
                "abi",
                "evm.bytecode",
                "evm.deployedBytecode",
                "evm.methodIdentifiers",
                "metadata"
              ]
            }
          },
          "evmVersion": "london",
          "libraries": {}
        }
      },
      "imports": [
        "lib/forge-std/lib/ds-test/src\\test.sol",
        "lib/forge-std/src/Base.sol",
        "lib/forge-std/src/StdAssertions.sol",
        "lib/forge-std/src/StdChains.sol",
        "lib/forge-std/src/StdCheats.sol",
        "lib/forge-std/src/StdError.sol",
        "lib/forge-std/src/StdInvariant.sol",
        "lib/forge-std/src/StdJson.sol",
        "lib/forge-std/src/StdMath.sol",
        "lib/forge-std/src/StdStorage.sol",
        "lib/forge-std/src/StdStyle.sol",
        "lib/forge-std/src/StdUtils.sol",
        "lib/forge-std/src/Vm.sol",
        "lib/forge-std/src/console.sol",
        "lib/forge-std/src/console2.sol",
        "lib/forge-std/src/interfaces/IMulticall3.sol"
      ],
      "versionRequirement": ">=0.6.2, <0.9.0",
      "artifacts": {
        "Test": {
          "0.8.19+commit.7dd6d404.Windows.msvc": "Test.sol\\Test.json"
        }
      }
    },
    "lib/forge-std/src/Vm.sol": {
      "lastModificationDate": 1683019056098,
      "contentHash": "ac803dd8c6776717d07b41063d602889",
      "sourceName": "lib/forge-std/src/Vm.sol",
      "solcConfig": {
        "settings": {
          "optimizer": {
            "enabled": true,
            "runs": 200
          },
          "metadata": {
            "bytecodeHash": "ipfs",
            "appendCBOR": true
          },
          "outputSelection": {
            "*": {
              "": [
                "ast"
              ],
              "*": [
                "abi",
                "evm.bytecode",
                "evm.deployedBytecode",
                "evm.methodIdentifiers",
                "metadata"
              ]
            }
          },
          "evmVersion": "london",
          "libraries": {}
        }
      },
      "imports": [],
      "versionRequirement": ">=0.6.2, <0.9.0",
      "artifacts": {
        "Vm": {
          "0.8.19+commit.7dd6d404.Windows.msvc": "Vm.sol\\Vm.json"
        },
        "VmSafe": {
          "0.8.19+commit.7dd6d404.Windows.msvc": "Vm.sol\\VmSafe.json"
        }
      }
    },
    "lib/forge-std/src/console.sol": {
      "lastModificationDate": 1683019056098,
      "contentHash": "c8cf989d04bc2e3069e3d91facf3b69c",
      "sourceName": "lib/forge-std/src/console.sol",
      "solcConfig": {
        "settings": {
          "optimizer": {
            "enabled": true,
            "runs": 200
          },
          "metadata": {
            "bytecodeHash": "ipfs",
            "appendCBOR": true
          },
          "outputSelection": {
            "*": {
              "": [
                "ast"
              ],
              "*": [
                "abi",
                "evm.bytecode",
                "evm.deployedBytecode",
                "evm.methodIdentifiers",
                "metadata"
              ]
            }
          },
          "evmVersion": "london",
          "libraries": {}
        }
      },
      "imports": [],
      "versionRequirement": ">=0.4.22, <0.9.0",
      "artifacts": {
        "console": {
          "0.8.19+commit.7dd6d404.Windows.msvc": "console.sol\\console.json"
        }
      }
    },
    "lib/forge-std/src/console2.sol": {
      "lastModificationDate": 1683019056114,
      "contentHash": "f0634a1969c1d0ebfc2ea47dafeafb02",
      "sourceName": "lib/forge-std/src/console2.sol",
      "solcConfig": {
        "settings": {
          "optimizer": {
            "enabled": true,
            "runs": 200
          },
          "metadata": {
            "bytecodeHash": "ipfs",
            "appendCBOR": true
          },
          "outputSelection": {
            "*": {
              "": [
                "ast"
              ],
              "*": [
                "abi",
                "evm.bytecode",
                "evm.deployedBytecode",
                "evm.methodIdentifiers",
                "metadata"
              ]
            }
          },
          "evmVersion": "london",
          "libraries": {}
        }
      },
      "imports": [],
      "versionRequirement": ">=0.4.22, <0.9.0",
      "artifacts": {
        "console2": {
          "0.8.19+commit.7dd6d404.Windows.msvc": "console2.sol\\console2.json"
        }
      }
    },
    "lib/forge-std/src/interfaces/IMulticall3.sol": {
      "lastModificationDate": 1683019056114,
      "contentHash": "5de707a0d82c8f56049fbd3ba28944ed",
      "sourceName": "lib/forge-std/src/interfaces/IMulticall3.sol",
      "solcConfig": {
        "settings": {
          "optimizer": {
            "enabled": true,
            "runs": 200
          },
          "metadata": {
            "bytecodeHash": "ipfs",
            "appendCBOR": true
          },
          "outputSelection": {
            "*": {
              "": [
                "ast"
              ],
              "*": [
                "abi",
                "evm.bytecode",
                "evm.deployedBytecode",
                "evm.methodIdentifiers",
                "metadata"
              ]
            }
          },
          "evmVersion": "london",
          "libraries": {}
        }
      },
      "imports": [],
      "versionRequirement": ">=0.6.2, <0.9.0",
      "artifacts": {
        "IMulticall3": {
          "0.8.19+commit.7dd6d404.Windows.msvc": "IMulticall3.sol\\IMulticall3.json"
        }
      }
    },
    "script/Counter.s.sol": {
      "lastModificationDate": 1683265508921,
      "contentHash": "6a7740d48808fbad7987b967605a548b",
      "sourceName": "script/Counter.s.sol",
      "solcConfig": {
        "settings": {
          "optimizer": {
            "enabled": true,
            "runs": 200
          },
          "metadata": {
            "bytecodeHash": "ipfs",
            "appendCBOR": true
          },
          "outputSelection": {
            "*": {
              "": [
                "ast"
              ],
              "*": [
                "abi",
                "evm.bytecode",
                "evm.deployedBytecode",
                "evm.methodIdentifiers",
                "metadata"
              ]
            }
          },
          "evmVersion": "london",
          "libraries": {}
        }
      },
      "imports": [],
      "versionRequirement": null,
      "artifacts": {
        "Counter.s": {
          "0.8.19+commit.7dd6d404.Windows.msvc": "Counter.s.sol\\Counter.s.json"
        }
      }
    },
    "src/Control.sol": {
      "lastModificationDate": 1683528947261,
      "contentHash": "655c9f9a47b21290b81fd58540d6ef54",
      "sourceName": "src/Control.sol",
      "solcConfig": {
        "settings": {
          "optimizer": {
            "enabled": true,
            "runs": 200
          },
          "metadata": {
            "bytecodeHash": "ipfs",
            "appendCBOR": true
          },
          "outputSelection": {
            "*": {
              "": [
                "ast"
              ],
              "*": [
                "abi",
                "evm.bytecode",
                "evm.deployedBytecode",
                "evm.methodIdentifiers",
                "metadata"
              ]
            }
          },
          "evmVersion": "london",
          "libraries": {}
        }
      },
      "imports": [
        "src\\interfaces\\IAccessControl.sol",
        "src\\interfaces\\IERC165.sol",
        "src\\interfaces\\IERC20.sol",
        "src\\interfaces\\IERC20Permit.sol",
        "src\\interfaces\\IHYDT.sol",
        "src\\interfaces\\IPancakeFactory.sol",
        "src\\interfaces\\IPancakePair.sol",
        "src\\interfaces\\IPancakeRouter02.sol",
        "src\\interfaces\\IReserve.sol",
        "src\\interfaces\\Types.sol",
        "src\\libraries\\Address.sol",
        "src\\libraries\\DataFetcher.sol",
        "src\\libraries\\Math.sol",
        "src\\libraries\\SafeERC20.sol",
        "src\\libraries\\SafeETH.sol",
        "src\\libraries\\SignedMath.sol",
        "src\\libraries\\Strings.sol",
        "src\\utils\\AccessControl.sol",
        "src\\utils\\Context.sol",
        "src\\utils\\ERC165.sol",
        "src\\utils\\OpsReady.sol"
      ],
      "versionRequirement": "=0.8.19",
      "artifacts": {
        "Control": {
          "0.8.19+commit.7dd6d404.Windows.msvc": "Control.sol\\Control.json"
        }
      }
    },
    "src/Earn.sol": {
      "lastModificationDate": 1683715263501,
      "contentHash": "aaa9891c1c2b788dccf31969fdc0e328",
      "sourceName": "src/Earn.sol",
      "solcConfig": {
        "settings": {
          "optimizer": {
            "enabled": true,
            "runs": 200
          },
          "metadata": {
            "bytecodeHash": "ipfs",
            "appendCBOR": true
          },
          "outputSelection": {
            "*": {
              "": [
                "ast"
              ],
              "*": [
                "abi",
                "evm.bytecode",
                "evm.deployedBytecode",
                "evm.methodIdentifiers",
                "metadata"
              ]
            }
          },
          "evmVersion": "london",
          "libraries": {}
        }
      },
      "imports": [
        "src\\interfaces\\IAccessControl.sol",
        "src\\interfaces\\IERC165.sol",
        "src\\interfaces\\IERC20.sol",
        "src\\interfaces\\IERC20Permit.sol",
        "src\\interfaces\\IHYDT.sol",
        "src\\interfaces\\IHYGT.sol",
        "src\\interfaces\\IsHYDT.sol",
        "src\\libraries\\Address.sol",
        "src\\libraries\\Math.sol",
        "src\\libraries\\SafeERC20.sol",
        "src\\libraries\\SignedMath.sol",
        "src\\libraries\\Strings.sol",
        "src\\utils\\AccessControl.sol",
        "src\\utils\\Context.sol",
        "src\\utils\\ERC165.sol"
      ],
      "versionRequirement": "=0.8.19",
      "artifacts": {
        "Earn": {
          "0.8.19+commit.7dd6d404.Windows.msvc": "Earn.sol\\Earn.json"
        }
      }
    },
    "src/Farm.sol": {
      "lastModificationDate": 1683715249657,
      "contentHash": "660129e40795a96504b0fac901e1c6f1",
      "sourceName": "src/Farm.sol",
      "solcConfig": {
        "settings": {
          "optimizer": {
            "enabled": true,
            "runs": 200
          },
          "metadata": {
            "bytecodeHash": "ipfs",
            "appendCBOR": true
          },
          "outputSelection": {
            "*": {
              "": [
                "ast"
              ],
              "*": [
                "abi",
                "evm.bytecode",
                "evm.deployedBytecode",
                "evm.methodIdentifiers",
                "metadata"
              ]
            }
          },
          "evmVersion": "london",
          "libraries": {}
        }
      },
      "imports": [
        "src\\interfaces\\IAccessControl.sol",
        "src\\interfaces\\IERC165.sol",
        "src\\interfaces\\IERC20.sol",
        "src\\interfaces\\IERC20Permit.sol",
        "src\\interfaces\\IHYGT.sol",
        "src\\libraries\\Address.sol",
        "src\\libraries\\Math.sol",
        "src\\libraries\\SafeERC20.sol",
        "src\\libraries\\SignedMath.sol",
        "src\\libraries\\Strings.sol",
        "src\\utils\\AccessControl.sol",
        "src\\utils\\Context.sol",
        "src\\utils\\ERC165.sol"
      ],
      "versionRequirement": "=0.8.19",
      "artifacts": {
        "Farm": {
          "0.8.19+commit.7dd6d404.Windows.msvc": "Farm.sol\\Farm.json"
        }
      }
    },
    "src/HYDT.sol": {
      "lastModificationDate": 1683615770248,
      "contentHash": "9b3f7c65ddb64b7439b563afcb8a05b0",
      "sourceName": "src/HYDT.sol",
      "solcConfig": {
        "settings": {
          "optimizer": {
            "enabled": true,
            "runs": 200
          },
          "metadata": {
            "bytecodeHash": "ipfs",
            "appendCBOR": true
          },
          "outputSelection": {
            "*": {
              "": [
                "ast"
              ],
              "*": [
                "abi",
                "evm.bytecode",
                "evm.deployedBytecode",
                "evm.methodIdentifiers",
                "metadata"
              ]
            }
          },
          "evmVersion": "london",
          "libraries": {}
        }
      },
      "imports": [
        "src\\extensions\\ERC20.sol",
        "src\\interfaces\\IAccessControl.sol",
        "src\\interfaces\\IERC165.sol",
        "src\\interfaces\\IERC20.sol",
        "src\\interfaces\\IERC20Metadata.sol",
        "src\\interfaces\\IERC20Permit.sol",
        "src\\interfaces\\IHYDT.sol",
        "src\\libraries\\Counters.sol",
        "src\\libraries\\ECDSA.sol",
        "src\\libraries\\Math.sol",
        "src\\libraries\\SignedMath.sol",
        "src\\libraries\\Strings.sol",
        "src\\utils\\AccessControl.sol",
        "src\\utils\\Context.sol",
        "src\\utils\\EIP712.sol",
        "src\\utils\\ERC165.sol",
        "src\\utils\\ERC20Permit.sol"
      ],
      "versionRequirement": "=0.8.19",
      "artifacts": {
        "HYDT": {
          "0.8.19+commit.7dd6d404.Windows.msvc": "HYDT.sol\\HYDT.json"
        }
      }
    },
    "src/HYGT.sol": {
      "lastModificationDate": 1683092211670,
      "contentHash": "e854083ed9e0aee3e4b6344fb9ab5c8d",
      "sourceName": "src/HYGT.sol",
      "solcConfig": {
        "settings": {
          "optimizer": {
            "enabled": true,
            "runs": 200
          },
          "metadata": {
            "bytecodeHash": "ipfs",
            "appendCBOR": true
          },
          "outputSelection": {
            "*": {
              "": [
                "ast"
              ],
              "*": [
                "abi",
                "evm.bytecode",
                "evm.deployedBytecode",
                "evm.methodIdentifiers",
                "metadata"
              ]
            }
          },
          "evmVersion": "london",
          "libraries": {}
        }
      },
      "imports": [
        "src\\extensions\\ERC20.sol",
        "src\\interfaces\\IAccessControl.sol",
        "src\\interfaces\\IERC165.sol",
        "src\\interfaces\\IERC20.sol",
        "src\\interfaces\\IERC20Metadata.sol",
        "src\\interfaces\\IERC20Permit.sol",
        "src\\interfaces\\IHYGT.sol",
        "src\\libraries\\Counters.sol",
        "src\\libraries\\ECDSA.sol",
        "src\\libraries\\Math.sol",
        "src\\libraries\\SignedMath.sol",
        "src\\libraries\\Strings.sol",
        "src\\utils\\AccessControl.sol",
        "src\\utils\\Context.sol",
        "src\\utils\\EIP712.sol",
        "src\\utils\\ERC165.sol",
        "src\\utils\\ERC20Permit.sol"
      ],
      "versionRequirement": "=0.8.19",
      "artifacts": {
        "HYGT": {
          "0.8.19+commit.7dd6d404.Windows.msvc": "HYGT.sol\\HYGT.json"
        }
      }
    },
    "src/Reserve.sol": {
      "lastModificationDate": 1680794440537,
      "contentHash": "b5d1dd2f5136343dcf9d40727786aaca",
      "sourceName": "src/Reserve.sol",
      "solcConfig": {
        "settings": {
          "optimizer": {
            "enabled": true,
            "runs": 200
          },
          "metadata": {
            "bytecodeHash": "ipfs",
            "appendCBOR": true
          },
          "outputSelection": {
            "*": {
              "": [
                "ast"
              ],
              "*": [
                "abi",
                "evm.bytecode",
                "evm.deployedBytecode",
                "evm.methodIdentifiers",
                "metadata"
              ]
            }
          },
          "evmVersion": "london",
          "libraries": {}
        }
      },
      "imports": [
        "src\\interfaces\\IAccessControl.sol",
        "src\\interfaces\\IERC165.sol",
        "src\\interfaces\\IPancakeFactory.sol",
        "src\\interfaces\\IPancakePair.sol",
        "src\\libraries\\DataFetcher.sol",
        "src\\libraries\\Math.sol",
        "src\\libraries\\SafeETH.sol",
        "src\\libraries\\SignedMath.sol",
        "src\\libraries\\Strings.sol",
        "src\\utils\\AccessControl.sol",
        "src\\utils\\Context.sol",
        "src\\utils\\ERC165.sol"
      ],
      "versionRequirement": "=0.8.19",
      "artifacts": {
        "Reserve": {
          "0.8.19+commit.7dd6d404.Windows.msvc": "Reserve.sol\\Reserve.json"
        }
      }
    },
    "src/WBNB.sol": {
      "lastModificationDate": 1683278808551,
      "contentHash": "86ec8df7d1ca2cbe76eb385e979f321c",
      "sourceName": "src/WBNB.sol",
      "solcConfig": {
        "settings": {
          "optimizer": {
            "enabled": true,
            "runs": 200
          },
          "metadata": {
            "bytecodeHash": "ipfs",
            "appendCBOR": true
          },
          "outputSelection": {
            "*": {
              "": [
                "ast"
              ],
              "*": [
                "abi",
                "evm.bytecode",
                "evm.deployedBytecode",
                "evm.methodIdentifiers",
                "metadata"
              ]
            }
          },
          "evmVersion": "london",
          "libraries": {}
        }
      },
      "imports": [],
      "versionRequirement": ">=0.8.0",
      "artifacts": {
        "Context": {
          "0.8.19+commit.7dd6d404.Windows.msvc": "WBNB.sol\\Context.json"
        },
        "IBEP20": {
          "0.8.19+commit.7dd6d404.Windows.msvc": "WBNB.sol\\IBEP20.json"
        },
        "Ownable": {
          "0.8.19+commit.7dd6d404.Windows.msvc": "WBNB.sol\\Ownable.json"
        },
        "SafeMath": {
          "0.8.19+commit.7dd6d404.Windows.msvc": "WBNB.sol\\SafeMath.json"
        },
        "WBNB": {
          "0.8.19+commit.7dd6d404.Windows.msvc": "WBNB.sol\\WBNB.json"
        }
      }
    },
    "src/extensions/ERC20.sol": {
      "lastModificationDate": 1680794440537,
      "contentHash": "f503866a9d5647ea0fab745988d4362a",
      "sourceName": "src/extensions/ERC20.sol",
      "solcConfig": {
        "settings": {
          "optimizer": {
            "enabled": true,
            "runs": 200
          },
          "metadata": {
            "bytecodeHash": "ipfs",
            "appendCBOR": true
          },
          "outputSelection": {
            "*": {
              "": [
                "ast"
              ],
              "*": [
                "abi",
                "evm.bytecode",
                "evm.deployedBytecode",
                "evm.methodIdentifiers",
                "metadata"
              ]
            }
          },
          "evmVersion": "london",
          "libraries": {}
        }
      },
      "imports": [
        "src\\interfaces\\IERC20.sol",
        "src\\interfaces\\IERC20Metadata.sol",
        "src\\utils\\Context.sol"
      ],
      "versionRequirement": "^0.8.0",
      "artifacts": {
        "ERC20": {
          "0.8.19+commit.7dd6d404.Windows.msvc": "ERC20.sol\\ERC20.json"
        }
      }
    },
    "src/interfaces/IAccessControl.sol": {
      "lastModificationDate": 1680794440537,
      "contentHash": "92d39a9b175909db391cd00536e041a0",
      "sourceName": "src/interfaces/IAccessControl.sol",
      "solcConfig": {
        "settings": {
          "optimizer": {
            "enabled": true,
            "runs": 200
          },
          "metadata": {
            "bytecodeHash": "ipfs",
            "appendCBOR": true
          },
          "outputSelection": {
            "*": {
              "": [
                "ast"
              ],
              "*": [
                "abi",
                "evm.bytecode",
                "evm.deployedBytecode",
                "evm.methodIdentifiers",
                "metadata"
              ]
            }
          },
          "evmVersion": "london",
          "libraries": {}
        }
      },
      "imports": [],
      "versionRequirement": "^0.8.0",
      "artifacts": {
        "IAccessControl": {
          "0.8.19+commit.7dd6d404.Windows.msvc": "IAccessControl.sol\\IAccessControl.json"
        }
      }
    },
    "src/interfaces/IControl.sol": {
      "lastModificationDate": 1680794440537,
      "contentHash": "0aec5c577c94cf0b5073d4c588e17e0c",
      "sourceName": "src/interfaces/IControl.sol",
      "solcConfig": {
        "settings": {
          "optimizer": {
            "enabled": true,
            "runs": 200
          },
          "metadata": {
            "bytecodeHash": "ipfs",
            "appendCBOR": true
          },
          "outputSelection": {
            "*": {
              "": [
                "ast"
              ],
              "*": [
                "abi",
                "evm.bytecode",
                "evm.deployedBytecode",
                "evm.methodIdentifiers",
                "metadata"
              ]
            }
          },
          "evmVersion": "london",
          "libraries": {}
        }
      },
      "imports": [],
      "versionRequirement": "^0.8.0",
      "artifacts": {
        "IControl": {
          "0.8.19+commit.7dd6d404.Windows.msvc": "IControl.sol\\IControl.json"
        }
      }
    },
    "src/interfaces/IERC165.sol": {
      "lastModificationDate": 1680794440537,
      "contentHash": "106cb8f499ed6364f6a9f2b13527b274",
      "sourceName": "src/interfaces/IERC165.sol",
      "solcConfig": {
        "settings": {
          "optimizer": {
            "enabled": true,
            "runs": 200
          },
          "metadata": {
            "bytecodeHash": "ipfs",
            "appendCBOR": true
          },
          "outputSelection": {
            "*": {
              "": [
                "ast"
              ],
              "*": [
                "abi",
                "evm.bytecode",
                "evm.deployedBytecode",
                "evm.methodIdentifiers",
                "metadata"
              ]
            }
          },
          "evmVersion": "london",
          "libraries": {}
        }
      },
      "imports": [],
      "versionRequirement": "^0.8.0",
      "artifacts": {
        "IERC165": {
          "0.8.19+commit.7dd6d404.Windows.msvc": "IERC165.sol\\IERC165.json"
        }
      }
    },
    "src/interfaces/IERC20.sol": {
      "lastModificationDate": 1680794440537,
      "contentHash": "57745aa42fa0a7872eba2499c32651b7",
      "sourceName": "src/interfaces/IERC20.sol",
      "solcConfig": {
        "settings": {
          "optimizer": {
            "enabled": true,
            "runs": 200
          },
          "metadata": {
            "bytecodeHash": "ipfs",
            "appendCBOR": true
          },
          "outputSelection": {
            "*": {
              "": [
                "ast"
              ],
              "*": [
                "abi",
                "evm.bytecode",
                "evm.deployedBytecode",
                "evm.methodIdentifiers",
                "metadata"
              ]
            }
          },
          "evmVersion": "london",
          "libraries": {}
        }
      },
      "imports": [],
      "versionRequirement": "^0.8.0",
      "artifacts": {
        "IERC20": {
          "0.8.19+commit.7dd6d404.Windows.msvc": "IERC20.sol\\IERC20.json"
        }
      }
    },
    "src/interfaces/IERC20Metadata.sol": {
      "lastModificationDate": 1680794440537,
      "contentHash": "e13da596fbf5c36b723a001996699cd2",
      "sourceName": "src/interfaces/IERC20Metadata.sol",
      "solcConfig": {
        "settings": {
          "optimizer": {
            "enabled": true,
            "runs": 200
          },
          "metadata": {
            "bytecodeHash": "ipfs",
            "appendCBOR": true
          },
          "outputSelection": {
            "*": {
              "": [
                "ast"
              ],
              "*": [
                "abi",
                "evm.bytecode",
                "evm.deployedBytecode",
                "evm.methodIdentifiers",
                "metadata"
              ]
            }
          },
          "evmVersion": "london",
          "libraries": {}
        }
      },
      "imports": [
        "src\\interfaces\\IERC20.sol"
      ],
      "versionRequirement": "^0.8.0",
      "artifacts": {
        "IERC20Metadata": {
          "0.8.19+commit.7dd6d404.Windows.msvc": "IERC20Metadata.sol\\IERC20Metadata.json"
        }
      }
    },
    "src/interfaces/IERC20Permit.sol": {
      "lastModificationDate": 1680794440537,
      "contentHash": "a9bf37aa67683244d0c04449aea26887",
      "sourceName": "src/interfaces/IERC20Permit.sol",
      "solcConfig": {
        "settings": {
          "optimizer": {
            "enabled": true,
            "runs": 200
          },
          "metadata": {
            "bytecodeHash": "ipfs",
            "appendCBOR": true
          },
          "outputSelection": {
            "*": {
              "": [
                "ast"
              ],
              "*": [
                "abi",
                "evm.bytecode",
                "evm.deployedBytecode",
                "evm.methodIdentifiers",
                "metadata"
              ]
            }
          },
          "evmVersion": "london",
          "libraries": {}
        }
      },
      "imports": [],
      "versionRequirement": "^0.8.0",
      "artifacts": {
        "IERC20Permit": {
          "0.8.19+commit.7dd6d404.Windows.msvc": "IERC20Permit.sol\\IERC20Permit.json"
        }
      }
    },
    "src/interfaces/IHYDT.sol": {
      "lastModificationDate": 1680794440537,
      "contentHash": "4464eec3e6df7f8cc0c9269f60a6a3aa",
      "sourceName": "src/interfaces/IHYDT.sol",
      "solcConfig": {
        "settings": {
          "optimizer": {
            "enabled": true,
            "runs": 200
          },
          "metadata": {
            "bytecodeHash": "ipfs",
            "appendCBOR": true
          },
          "outputSelection": {
            "*": {
              "": [
                "ast"
              ],
              "*": [
                "abi",
                "evm.bytecode",
                "evm.deployedBytecode",
                "evm.methodIdentifiers",
                "metadata"
              ]
            }
          },
          "evmVersion": "london",
          "libraries": {}
        }
      },
      "imports": [
        "src\\interfaces\\IERC20.sol"
      ],
      "versionRequirement": "^0.8.0",
      "artifacts": {
        "IHYDT": {
          "0.8.19+commit.7dd6d404.Windows.msvc": "IHYDT.sol\\IHYDT.json"
        }
      }
    },
    "src/interfaces/IHYGT.sol": {
      "lastModificationDate": 1680794440537,
      "contentHash": "272ea40858d82004a24efdeb81ea9e79",
      "sourceName": "src/interfaces/IHYGT.sol",
      "solcConfig": {
        "settings": {
          "optimizer": {
            "enabled": true,
            "runs": 200
          },
          "metadata": {
            "bytecodeHash": "ipfs",
            "appendCBOR": true
          },
          "outputSelection": {
            "*": {
              "": [
                "ast"
              ],
              "*": [
                "abi",
                "evm.bytecode",
                "evm.deployedBytecode",
                "evm.methodIdentifiers",
                "metadata"
              ]
            }
          },
          "evmVersion": "london",
          "libraries": {}
        }
      },
      "imports": [
        "src\\interfaces\\IERC20.sol"
      ],
      "versionRequirement": "^0.8.0",
      "artifacts": {
        "IHYGT": {
          "0.8.19+commit.7dd6d404.Windows.msvc": "IHYGT.sol\\IHYGT.json"
        }
      }
    },
    "src/interfaces/IPancakeFactory.sol": {
      "lastModificationDate": 1680794440537,
      "contentHash": "6bbc06f5d7f6b99ac6a7f468c96de2ce",
      "sourceName": "src/interfaces/IPancakeFactory.sol",
      "solcConfig": {
        "settings": {
          "optimizer": {
            "enabled": true,
            "runs": 200
          },
          "metadata": {
            "bytecodeHash": "ipfs",
            "appendCBOR": true
          },
          "outputSelection": {
            "*": {
              "": [
                "ast"
              ],
              "*": [
                "abi",
                "evm.bytecode",
                "evm.deployedBytecode",
                "evm.methodIdentifiers",
                "metadata"
              ]
            }
          },
          "evmVersion": "london",
          "libraries": {}
        }
      },
      "imports": [],
      "versionRequirement": "^0.8.0",
      "artifacts": {
        "IPancakeFactory": {
          "0.8.19+commit.7dd6d404.Windows.msvc": "IPancakeFactory.sol\\IPancakeFactory.json"
        }
      }
    },
    "src/interfaces/IPancakePair.sol": {
      "lastModificationDate": 1680794440537,
      "contentHash": "40b5a105cd642bf13ebde66ac0fc1a25",
      "sourceName": "src/interfaces/IPancakePair.sol",
      "solcConfig": {
        "settings": {
          "optimizer": {
            "enabled": true,
            "runs": 200
          },
          "metadata": {
            "bytecodeHash": "ipfs",
            "appendCBOR": true
          },
          "outputSelection": {
            "*": {
              "": [
                "ast"
              ],
              "*": [
                "abi",
                "evm.bytecode",
                "evm.deployedBytecode",
                "evm.methodIdentifiers",
                "metadata"
              ]
            }
          },
          "evmVersion": "london",
          "libraries": {}
        }
      },
      "imports": [],
      "versionRequirement": "^0.8.0",
      "artifacts": {
        "IPancakePair": {
          "0.8.19+commit.7dd6d404.Windows.msvc": "IPancakePair.sol\\IPancakePair.json"
        }
      }
    },
    "src/interfaces/IPancakeRouter02.sol": {
      "lastModificationDate": 1680794440537,
      "contentHash": "15008c9b97da07af1622af823bced01a",
      "sourceName": "src/interfaces/IPancakeRouter02.sol",
      "solcConfig": {
        "settings": {
          "optimizer": {
            "enabled": true,
            "runs": 200
          },
          "metadata": {
            "bytecodeHash": "ipfs",
            "appendCBOR": true
          },
          "outputSelection": {
            "*": {
              "": [
                "ast"
              ],
              "*": [
                "abi",
                "evm.bytecode",
                "evm.deployedBytecode",
                "evm.methodIdentifiers",
                "metadata"
              ]
            }
          },
          "evmVersion": "london",
          "libraries": {}
        }
      },
      "imports": [],
      "versionRequirement": "^0.8.0",
      "artifacts": {
        "IPancakeRouter01": {
          "0.8.19+commit.7dd6d404.Windows.msvc": "IPancakeRouter02.sol\\IPancakeRouter01.json"
        },
        "IPancakeRouter02": {
          "0.8.19+commit.7dd6d404.Windows.msvc": "IPancakeRouter02.sol\\IPancakeRouter02.json"
        }
      }
    },
    "src/interfaces/IReserve.sol": {
      "lastModificationDate": 1680794440537,
      "contentHash": "de48aebd31c6ad86b77deb3d71791a60",
      "sourceName": "src/interfaces/IReserve.sol",
      "solcConfig": {
        "settings": {
          "optimizer": {
            "enabled": true,
            "runs": 200
          },
          "metadata": {
            "bytecodeHash": "ipfs",
            "appendCBOR": true
          },
          "outputSelection": {
            "*": {
              "": [
                "ast"
              ],
              "*": [
                "abi",
                "evm.bytecode",
                "evm.deployedBytecode",
                "evm.methodIdentifiers",
                "metadata"
              ]
            }
          },
          "evmVersion": "london",
          "libraries": {}
        }
      },
      "imports": [],
      "versionRequirement": "^0.8.0",
      "artifacts": {
        "IReserve": {
          "0.8.19+commit.7dd6d404.Windows.msvc": "IReserve.sol\\IReserve.json"
        }
      }
    },
    "src/interfaces/IsHYDT.sol": {
      "lastModificationDate": 1680794440537,
      "contentHash": "5ad3f08893864e30cb8ed61f40a158dc",
      "sourceName": "src/interfaces/IsHYDT.sol",
      "solcConfig": {
        "settings": {
          "optimizer": {
            "enabled": true,
            "runs": 200
          },
          "metadata": {
            "bytecodeHash": "ipfs",
            "appendCBOR": true
          },
          "outputSelection": {
            "*": {
              "": [
                "ast"
              ],
              "*": [
                "abi",
                "evm.bytecode",
                "evm.deployedBytecode",
                "evm.methodIdentifiers",
                "metadata"
              ]
            }
          },
          "evmVersion": "london",
          "libraries": {}
        }
      },
      "imports": [
        "src\\interfaces\\IERC20.sol"
      ],
      "versionRequirement": "^0.8.0",
      "artifacts": {
        "IsHYDT": {
          "0.8.19+commit.7dd6d404.Windows.msvc": "IsHYDT.sol\\IsHYDT.json"
        }
      }
    },
    "src/interfaces/Types.sol": {
      "lastModificationDate": 1680794440537,
      "contentHash": "6aa31ae33d7c2fd1972773d88c5ec6ac",
      "sourceName": "src/interfaces/Types.sol",
      "solcConfig": {
        "settings": {
          "optimizer": {
            "enabled": true,
            "runs": 200
          },
          "metadata": {
            "bytecodeHash": "ipfs",
            "appendCBOR": true
          },
          "outputSelection": {
            "*": {
              "": [
                "ast"
              ],
              "*": [
                "abi",
                "evm.bytecode",
                "evm.deployedBytecode",
                "evm.methodIdentifiers",
                "metadata"
              ]
            }
          },
          "evmVersion": "london",
          "libraries": {}
        }
      },
      "imports": [],
      "versionRequirement": "^0.8.12",
      "artifacts": {
        "IOps": {
          "0.8.19+commit.7dd6d404.Windows.msvc": "Types.sol\\IOps.json"
        },
        "IOpsProxyFactory": {
          "0.8.19+commit.7dd6d404.Windows.msvc": "Types.sol\\IOpsProxyFactory.json"
        },
        "ITaskTreasuryUpgradable": {
          "0.8.19+commit.7dd6d404.Windows.msvc": "Types.sol\\ITaskTreasuryUpgradable.json"
        }
      }
    },
    "src/libraries/Address.sol": {
      "lastModificationDate": 1680794440537,
      "contentHash": "eb7f4892f2537ac2ff678cb047a722ff",
      "sourceName": "src/libraries/Address.sol",
      "solcConfig": {
        "settings": {
          "optimizer": {
            "enabled": true,
            "runs": 200
          },
          "metadata": {
            "bytecodeHash": "ipfs",
            "appendCBOR": true
          },
          "outputSelection": {
            "*": {
              "": [
                "ast"
              ],
              "*": [
                "abi",
                "evm.bytecode",
                "evm.deployedBytecode",
                "evm.methodIdentifiers",
                "metadata"
              ]
            }
          },
          "evmVersion": "london",
          "libraries": {}
        }
      },
      "imports": [],
      "versionRequirement": "^0.8.1",
      "artifacts": {
        "Address": {
          "0.8.19+commit.7dd6d404.Windows.msvc": "Address.sol\\Address.json"
        }
      }
    },
    "src/libraries/Counters.sol": {
      "lastModificationDate": 1680794440537,
      "contentHash": "ae3c40420635b53626bbc2f0ea2e118d",
      "sourceName": "src/libraries/Counters.sol",
      "solcConfig": {
        "settings": {
          "optimizer": {
            "enabled": true,
            "runs": 200
          },
          "metadata": {
            "bytecodeHash": "ipfs",
            "appendCBOR": true
          },
          "outputSelection": {
            "*": {
              "": [
                "ast"
              ],
              "*": [
                "abi",
                "evm.bytecode",
                "evm.deployedBytecode",
                "evm.methodIdentifiers",
                "metadata"
              ]
            }
          },
          "evmVersion": "london",
          "libraries": {}
        }
      },
      "imports": [],
      "versionRequirement": "^0.8.0",
      "artifacts": {
        "Counters": {
          "0.8.19+commit.7dd6d404.Windows.msvc": "Counters.sol\\Counters.json"
        }
      }
    },
    "src/libraries/DataFetcher.sol": {
      "lastModificationDate": 1680794440537,
      "contentHash": "fee4419e33103153ebfefbbe1eb52ef9",
      "sourceName": "src/libraries/DataFetcher.sol",
      "solcConfig": {
        "settings": {
          "optimizer": {
            "enabled": true,
            "runs": 200
          },
          "metadata": {
            "bytecodeHash": "ipfs",
            "appendCBOR": true
          },
          "outputSelection": {
            "*": {
              "": [
                "ast"
              ],
              "*": [
                "abi",
                "evm.bytecode",
                "evm.deployedBytecode",
                "evm.methodIdentifiers",
                "metadata"
              ]
            }
          },
          "evmVersion": "london",
          "libraries": {}
        }
      },
      "imports": [
        "src\\interfaces\\IPancakeFactory.sol",
        "src\\interfaces\\IPancakePair.sol"
      ],
      "versionRequirement": "^0.8.0",
      "artifacts": {
        "DataFetcher": {
          "0.8.19+commit.7dd6d404.Windows.msvc": "DataFetcher.sol\\DataFetcher.json"
        }
      }
    },
    "src/libraries/ECDSA.sol": {
      "lastModificationDate": 1680794440537,
      "contentHash": "d9882d69c1042a26007dd262b926e523",
      "sourceName": "src/libraries/ECDSA.sol",
      "solcConfig": {
        "settings": {
          "optimizer": {
            "enabled": true,
            "runs": 200
          },
          "metadata": {
            "bytecodeHash": "ipfs",
            "appendCBOR": true
          },
          "outputSelection": {
            "*": {
              "": [
                "ast"
              ],
              "*": [
                "abi",
                "evm.bytecode",
                "evm.deployedBytecode",
                "evm.methodIdentifiers",
                "metadata"
              ]
            }
          },
          "evmVersion": "london",
          "libraries": {}
        }
      },
      "imports": [
        "src\\libraries\\Math.sol",
        "src\\libraries\\SignedMath.sol",
        "src\\libraries\\Strings.sol"
      ],
      "versionRequirement": "^0.8.0",
      "artifacts": {
        "ECDSA": {
          "0.8.19+commit.7dd6d404.Windows.msvc": "ECDSA.sol\\ECDSA.json"
        }
      }
    },
    "src/libraries/Math.sol": {
      "lastModificationDate": 1680794440537,
      "contentHash": "9aabb9299bcbfbe6df664f62156f9146",
      "sourceName": "src/libraries/Math.sol",
      "solcConfig": {
        "settings": {
          "optimizer": {
            "enabled": true,
            "runs": 200
          },
          "metadata": {
            "bytecodeHash": "ipfs",
            "appendCBOR": true
          },
          "outputSelection": {
            "*": {
              "": [
                "ast"
              ],
              "*": [
                "abi",
                "evm.bytecode",
                "evm.deployedBytecode",
                "evm.methodIdentifiers",
                "metadata"
              ]
            }
          },
          "evmVersion": "london",
          "libraries": {}
        }
      },
      "imports": [],
      "versionRequirement": "^0.8.0",
      "artifacts": {
        "Math": {
          "0.8.19+commit.7dd6d404.Windows.msvc": "Math.sol\\Math.json"
        }
      }
    },
    "src/libraries/SafeERC20.sol": {
      "lastModificationDate": 1680794440537,
      "contentHash": "dd89633e180ea445b5f9d1a22c9bb8c7",
      "sourceName": "src/libraries/SafeERC20.sol",
      "solcConfig": {
        "settings": {
          "optimizer": {
            "enabled": true,
            "runs": 200
          },
          "metadata": {
            "bytecodeHash": "ipfs",
            "appendCBOR": true
          },
          "outputSelection": {
            "*": {
              "": [
                "ast"
              ],
              "*": [
                "abi",
                "evm.bytecode",
                "evm.deployedBytecode",
                "evm.methodIdentifiers",
                "metadata"
              ]
            }
          },
          "evmVersion": "london",
          "libraries": {}
        }
      },
      "imports": [
        "src\\interfaces\\IERC20.sol",
        "src\\interfaces\\IERC20Permit.sol",
        "src\\libraries\\Address.sol"
      ],
      "versionRequirement": "^0.8.0",
      "artifacts": {
        "SafeERC20": {
          "0.8.19+commit.7dd6d404.Windows.msvc": "SafeERC20.sol\\SafeERC20.json"
        }
      }
    },
    "src/libraries/SafeETH.sol": {
      "lastModificationDate": 1680794440537,
      "contentHash": "070525133eac82d7b4d2dc73e9d5b5e4",
      "sourceName": "src/libraries/SafeETH.sol",
      "solcConfig": {
        "settings": {
          "optimizer": {
            "enabled": true,
            "runs": 200
          },
          "metadata": {
            "bytecodeHash": "ipfs",
            "appendCBOR": true
          },
          "outputSelection": {
            "*": {
              "": [
                "ast"
              ],
              "*": [
                "abi",
                "evm.bytecode",
                "evm.deployedBytecode",
                "evm.methodIdentifiers",
                "metadata"
              ]
            }
          },
          "evmVersion": "london",
          "libraries": {}
        }
      },
      "imports": [],
      "versionRequirement": "^0.8.0",
      "artifacts": {
        "SafeETH": {
          "0.8.19+commit.7dd6d404.Windows.msvc": "SafeETH.sol\\SafeETH.json"
        }
      }
    },
    "src/libraries/SignedMath.sol": {
      "lastModificationDate": 1680794440537,
      "contentHash": "04045bb5259a78f42a8e0df952d453cb",
      "sourceName": "src/libraries/SignedMath.sol",
      "solcConfig": {
        "settings": {
          "optimizer": {
            "enabled": true,
            "runs": 200
          },
          "metadata": {
            "bytecodeHash": "ipfs",
            "appendCBOR": true
          },
          "outputSelection": {
            "*": {
              "": [
                "ast"
              ],
              "*": [
                "abi",
                "evm.bytecode",
                "evm.deployedBytecode",
                "evm.methodIdentifiers",
                "metadata"
              ]
            }
          },
          "evmVersion": "london",
          "libraries": {}
        }
      },
      "imports": [],
      "versionRequirement": "^0.8.0",
      "artifacts": {
        "SignedMath": {
          "0.8.19+commit.7dd6d404.Windows.msvc": "SignedMath.sol\\SignedMath.json"
        }
      }
    },
    "src/libraries/Strings.sol": {
      "lastModificationDate": 1680794440537,
      "contentHash": "5e733172f671f0728ad8864a7acfc77d",
      "sourceName": "src/libraries/Strings.sol",
      "solcConfig": {
        "settings": {
          "optimizer": {
            "enabled": true,
            "runs": 200
          },
          "metadata": {
            "bytecodeHash": "ipfs",
            "appendCBOR": true
          },
          "outputSelection": {
            "*": {
              "": [
                "ast"
              ],
              "*": [
                "abi",
                "evm.bytecode",
                "evm.deployedBytecode",
                "evm.methodIdentifiers",
                "metadata"
              ]
            }
          },
          "evmVersion": "london",
          "libraries": {}
        }
      },
      "imports": [
        "src\\libraries\\Math.sol",
        "src\\libraries\\SignedMath.sol"
      ],
      "versionRequirement": "^0.8.0",
      "artifacts": {
        "Strings": {
          "0.8.19+commit.7dd6d404.Windows.msvc": "Strings.sol\\Strings.json"
        }
      }
    },
    "src/sHYDT.sol": {
      "lastModificationDate": 1683620879301,
      "contentHash": "0ad122ddf34bec161b18ac23247a8375",
      "sourceName": "src/sHYDT.sol",
      "solcConfig": {
        "settings": {
          "optimizer": {
            "enabled": true,
            "runs": 200
          },
          "metadata": {
            "bytecodeHash": "ipfs",
            "appendCBOR": true
          },
          "outputSelection": {
            "*": {
              "": [
                "ast"
              ],
              "*": [
                "abi",
                "evm.bytecode",
                "evm.deployedBytecode",
                "evm.methodIdentifiers",
                "metadata"
              ]
            }
          },
          "evmVersion": "london",
          "libraries": {}
        }
      },
      "imports": [
        "src\\extensions\\ERC20.sol",
        "src\\interfaces\\IAccessControl.sol",
        "src\\interfaces\\IERC165.sol",
        "src\\interfaces\\IERC20.sol",
        "src\\interfaces\\IERC20Metadata.sol",
        "src\\interfaces\\IsHYDT.sol",
        "src\\libraries\\Math.sol",
        "src\\libraries\\SignedMath.sol",
        "src\\libraries\\Strings.sol",
        "src\\utils\\AccessControl.sol",
        "src\\utils\\Context.sol",
        "src\\utils\\ERC165.sol"
      ],
      "versionRequirement": "=0.8.19",
      "artifacts": {
        "sHYDT": {
          "0.8.19+commit.7dd6d404.Windows.msvc": "sHYDT.sol\\sHYDT.json"
        }
      }
    },
    "src/utils/AccessControl.sol": {
      "lastModificationDate": 1680794440537,
      "contentHash": "d423cca224f15eaea0db34e142fc5ef0",
      "sourceName": "src/utils/AccessControl.sol",
      "solcConfig": {
        "settings": {
          "optimizer": {
            "enabled": true,
            "runs": 200
          },
          "metadata": {
            "bytecodeHash": "ipfs",
            "appendCBOR": true
          },
          "outputSelection": {
            "*": {
              "": [
                "ast"
              ],
              "*": [
                "abi",
                "evm.bytecode",
                "evm.deployedBytecode",
                "evm.methodIdentifiers",
                "metadata"
              ]
            }
          },
          "evmVersion": "london",
          "libraries": {}
        }
      },
      "imports": [
        "src\\interfaces\\IAccessControl.sol",
        "src\\interfaces\\IERC165.sol",
        "src\\libraries\\Math.sol",
        "src\\libraries\\SignedMath.sol",
        "src\\libraries\\Strings.sol",
        "src\\utils\\Context.sol",
        "src\\utils\\ERC165.sol"
      ],
      "versionRequirement": "^0.8.0",
      "artifacts": {
        "AccessControl": {
          "0.8.19+commit.7dd6d404.Windows.msvc": "AccessControl.sol\\AccessControl.json"
        }
      }
    },
    "src/utils/Context.sol": {
      "lastModificationDate": 1680794440537,
      "contentHash": "7093b039d79750162610c51cd75dfce8",
      "sourceName": "src/utils/Context.sol",
      "solcConfig": {
        "settings": {
          "optimizer": {
            "enabled": true,
            "runs": 200
          },
          "metadata": {
            "bytecodeHash": "ipfs",
            "appendCBOR": true
          },
          "outputSelection": {
            "*": {
              "": [
                "ast"
              ],
              "*": [
                "abi",
                "evm.bytecode",
                "evm.deployedBytecode",
                "evm.methodIdentifiers",
                "metadata"
              ]
            }
          },
          "evmVersion": "london",
          "libraries": {}
        }
      },
      "imports": [],
      "versionRequirement": "^0.8.0",
      "artifacts": {
        "Context": {
          "0.8.19+commit.7dd6d404.Windows.msvc": "Context.sol\\Context.json"
        }
      }
    },
    "src/utils/EIP712.sol": {
      "lastModificationDate": 1680794440537,
      "contentHash": "041c1e608950f8fd5e21cab4f0d52c3b",
      "sourceName": "src/utils/EIP712.sol",
      "solcConfig": {
        "settings": {
          "optimizer": {
            "enabled": true,
            "runs": 200
          },
          "metadata": {
            "bytecodeHash": "ipfs",
            "appendCBOR": true
          },
          "outputSelection": {
            "*": {
              "": [
                "ast"
              ],
              "*": [
                "abi",
                "evm.bytecode",
                "evm.deployedBytecode",
                "evm.methodIdentifiers",
                "metadata"
              ]
            }
          },
          "evmVersion": "london",
          "libraries": {}
        }
      },
      "imports": [
        "src\\libraries\\ECDSA.sol",
        "src\\libraries\\Math.sol",
        "src\\libraries\\SignedMath.sol",
        "src\\libraries\\Strings.sol"
      ],
      "versionRequirement": "^0.8.0",
      "artifacts": {
        "EIP712": {
          "0.8.19+commit.7dd6d404.Windows.msvc": "EIP712.sol\\EIP712.json"
        }
      }
    },
    "src/utils/ERC165.sol": {
      "lastModificationDate": 1680794440537,
      "contentHash": "cf617b6c4f51d03844281d08527b019a",
      "sourceName": "src/utils/ERC165.sol",
      "solcConfig": {
        "settings": {
          "optimizer": {
            "enabled": true,
            "runs": 200
          },
          "metadata": {
            "bytecodeHash": "ipfs",
            "appendCBOR": true
          },
          "outputSelection": {
            "*": {
              "": [
                "ast"
              ],
              "*": [
                "abi",
                "evm.bytecode",
                "evm.deployedBytecode",
                "evm.methodIdentifiers",
                "metadata"
              ]
            }
          },
          "evmVersion": "london",
          "libraries": {}
        }
      },
      "imports": [
        "src\\interfaces\\IERC165.sol"
      ],
      "versionRequirement": "^0.8.0",
      "artifacts": {
        "ERC165": {
          "0.8.19+commit.7dd6d404.Windows.msvc": "ERC165.sol\\ERC165.json"
        }
      }
    },
    "src/utils/ERC20Permit.sol": {
      "lastModificationDate": 1680794440537,
      "contentHash": "fb71e3a2a5f33d391ac66a188888dedb",
      "sourceName": "src/utils/ERC20Permit.sol",
      "solcConfig": {
        "settings": {
          "optimizer": {
            "enabled": true,
            "runs": 200
          },
          "metadata": {
            "bytecodeHash": "ipfs",
            "appendCBOR": true
          },
          "outputSelection": {
            "*": {
              "": [
                "ast"
              ],
              "*": [
                "abi",
                "evm.bytecode",
                "evm.deployedBytecode",
                "evm.methodIdentifiers",
                "metadata"
              ]
            }
          },
          "evmVersion": "london",
          "libraries": {}
        }
      },
      "imports": [
        "src\\extensions\\ERC20.sol",
        "src\\interfaces\\IERC20.sol",
        "src\\interfaces\\IERC20Metadata.sol",
        "src\\interfaces\\IERC20Permit.sol",
        "src\\libraries\\Counters.sol",
        "src\\libraries\\ECDSA.sol",
        "src\\libraries\\Math.sol",
        "src\\libraries\\SignedMath.sol",
        "src\\libraries\\Strings.sol",
        "src\\utils\\Context.sol",
        "src\\utils\\EIP712.sol"
      ],
      "versionRequirement": "^0.8.0",
      "artifacts": {
        "ERC20Permit": {
          "0.8.19+commit.7dd6d404.Windows.msvc": "ERC20Permit.sol\\ERC20Permit.json"
        }
      }
    },
    "src/utils/OpsReady.sol": {
      "lastModificationDate": 1680794440545,
      "contentHash": "7031d87c81506b3da242f18c9f7532a5",
      "sourceName": "src/utils/OpsReady.sol",
      "solcConfig": {
        "settings": {
          "optimizer": {
            "enabled": true,
            "runs": 200
          },
          "metadata": {
            "bytecodeHash": "ipfs",
            "appendCBOR": true
          },
          "outputSelection": {
            "*": {
              "": [
                "ast"
              ],
              "*": [
                "abi",
                "evm.bytecode",
                "evm.deployedBytecode",
                "evm.methodIdentifiers",
                "metadata"
              ]
            }
          },
          "evmVersion": "london",
          "libraries": {}
        }
      },
      "imports": [
        "src\\interfaces\\IERC20.sol",
        "src\\interfaces\\IERC20Permit.sol",
        "src\\interfaces\\Types.sol",
        "src\\libraries\\Address.sol",
        "src\\libraries\\SafeERC20.sol"
      ],
      "versionRequirement": "^0.8.14",
      "artifacts": {
        "OpsReady": {
          "0.8.19+commit.7dd6d404.Windows.msvc": "OpsReady.sol\\OpsReady.json"
        }
      }
    },
    "test/Control.t.sol": {
      "lastModificationDate": 1683529492895,
      "contentHash": "c14fc2d4c09079a53529c090d4a3dbb4",
      "sourceName": "test/Control.t.sol",
      "solcConfig": {
        "settings": {
          "optimizer": {
            "enabled": true,
            "runs": 200
          },
          "metadata": {
            "bytecodeHash": "ipfs",
            "appendCBOR": true
          },
          "outputSelection": {
            "*": {
              "": [
                "ast"
              ],
              "*": [
                "abi",
                "evm.bytecode",
                "evm.deployedBytecode",
                "evm.methodIdentifiers",
                "metadata"
              ]
            }
          },
          "evmVersion": "london",
          "libraries": {}
        }
      },
      "imports": [
        "lib/forge-std/lib/ds-test/src\\test.sol",
        "lib/forge-std/src/Base.sol",
        "lib/forge-std/src/StdAssertions.sol",
        "lib/forge-std/src/StdChains.sol",
        "lib/forge-std/src/StdCheats.sol",
        "lib/forge-std/src/StdError.sol",
        "lib/forge-std/src/StdInvariant.sol",
        "lib/forge-std/src/StdJson.sol",
        "lib/forge-std/src/StdMath.sol",
        "lib/forge-std/src/StdStorage.sol",
        "lib/forge-std/src/StdStyle.sol",
        "lib/forge-std/src/StdUtils.sol",
        "lib/forge-std/src\\Test.sol",
        "lib/forge-std/src/Vm.sol",
        "lib/forge-std/src/console.sol",
        "lib/forge-std/src/console2.sol",
        "lib/forge-std/src/interfaces/IMulticall3.sol",
        "src\\Control.sol",
        "src\\HYDT.sol",
        "src\\Reserve.sol",
        "src\\WBNB.sol",
        "src\\extensions\\ERC20.sol",
        "src\\interfaces\\IAccessControl.sol",
        "src\\interfaces\\IERC165.sol",
        "src\\interfaces\\IERC20.sol",
        "src\\interfaces\\IERC20Metadata.sol",
        "src\\interfaces\\IERC20Permit.sol",
        "src\\interfaces\\IHYDT.sol",
        "src\\interfaces\\IPancakeFactory.sol",
        "src\\interfaces\\IPancakePair.sol",
        "src\\interfaces\\IPancakeRouter02.sol",
        "src\\interfaces\\IReserve.sol",
        "src\\interfaces\\Types.sol",
        "src\\libraries\\Address.sol",
        "src\\libraries\\Counters.sol",
        "src\\libraries\\DataFetcher.sol",
        "src\\libraries\\ECDSA.sol",
        "src\\libraries\\Math.sol",
        "src\\libraries\\SafeERC20.sol",
        "src\\libraries\\SafeETH.sol",
        "src\\libraries\\SignedMath.sol",
        "src\\libraries\\Strings.sol",
        "src\\utils\\AccessControl.sol",
        "src\\utils\\Context.sol",
        "src\\utils\\EIP712.sol",
        "src\\utils\\ERC165.sol",
        "src\\utils\\ERC20Permit.sol",
        "src\\utils\\OpsReady.sol"
      ],
      "versionRequirement": "^0.8.18",
      "artifacts": {
        "ControlTest": {
          "0.8.19+commit.7dd6d404.Windows.msvc": "Control.t.sol\\ControlTest.json"
        }
      }
    },
    "test/Earn.t.sol": {
      "lastModificationDate": 1683729096601,
      "contentHash": "077cc869bbd05d868c9c51897e02b551",
      "sourceName": "test/Earn.t.sol",
      "solcConfig": {
        "settings": {
          "optimizer": {
            "enabled": true,
            "runs": 200
          },
          "metadata": {
            "bytecodeHash": "ipfs",
            "appendCBOR": true
          },
          "outputSelection": {
            "*": {
              "": [
                "ast"
              ],
              "*": [
                "abi",
                "evm.bytecode",
                "evm.deployedBytecode",
                "evm.methodIdentifiers",
                "metadata"
              ]
            }
          },
          "evmVersion": "london",
          "libraries": {}
        }
      },
      "imports": [
        "lib/forge-std/lib/ds-test/src\\test.sol",
        "lib/forge-std/src/Base.sol",
        "lib/forge-std/src/StdAssertions.sol",
        "lib/forge-std/src/StdChains.sol",
        "lib/forge-std/src/StdCheats.sol",
        "lib/forge-std/src/StdError.sol",
        "lib/forge-std/src/StdInvariant.sol",
        "lib/forge-std/src/StdJson.sol",
        "lib/forge-std/src/StdMath.sol",
        "lib/forge-std/src/StdStorage.sol",
        "lib/forge-std/src/StdStyle.sol",
        "lib/forge-std/src/StdUtils.sol",
        "lib/forge-std/src\\Test.sol",
        "lib/forge-std/src/Vm.sol",
        "lib/forge-std/src/console.sol",
        "lib/forge-std/src/console2.sol",
        "lib/forge-std/src/interfaces/IMulticall3.sol",
        "src\\Control.sol",
        "src\\Earn.sol",
        "src\\Farm.sol",
        "src\\HYDT.sol",
        "src\\HYGT.sol",
        "src\\Reserve.sol",
        "src\\WBNB.sol",
        "src\\extensions\\ERC20.sol",
        "src\\interfaces\\IAccessControl.sol",
        "src\\interfaces\\IERC165.sol",
        "src\\interfaces\\IERC20.sol",
        "src\\interfaces\\IERC20Metadata.sol",
        "src\\interfaces\\IERC20Permit.sol",
        "src\\interfaces\\IHYDT.sol",
        "src\\interfaces\\IHYGT.sol",
        "src\\interfaces\\IPancakeFactory.sol",
        "src\\interfaces\\IPancakePair.sol",
        "src\\interfaces\\IPancakeRouter02.sol",
        "src\\interfaces\\IReserve.sol",
        "src\\interfaces\\IsHYDT.sol",
        "src\\interfaces\\Types.sol",
        "src\\libraries\\Address.sol",
        "src\\libraries\\Counters.sol",
        "src\\libraries\\DataFetcher.sol",
        "src\\libraries\\ECDSA.sol",
        "src\\libraries\\Math.sol",
        "src\\libraries\\SafeERC20.sol",
        "src\\libraries\\SafeETH.sol",
        "src\\libraries\\SignedMath.sol",
        "src\\libraries\\Strings.sol",
        "src\\sHYDT.sol",
        "src\\utils\\AccessControl.sol",
        "src\\utils\\Context.sol",
        "src\\utils\\EIP712.sol",
        "src\\utils\\ERC165.sol",
        "src\\utils\\ERC20Permit.sol",
        "src\\utils\\OpsReady.sol"
      ],
      "versionRequirement": "^0.8.18",
      "artifacts": {
        "EarnTest": {
          "0.8.19+commit.7dd6d404.Windows.msvc": "Earn.t.sol\\EarnTest.json"
        }
      }
    },
    "test/Farm.t.sol": {
      "lastModificationDate": 1683394038222,
      "contentHash": "d41d8cd98f00b204e9800998ecf8427e",
      "sourceName": "test/Farm.t.sol",
      "solcConfig": {
        "settings": {
          "optimizer": {
            "enabled": true,
            "runs": 200
          },
          "metadata": {
            "bytecodeHash": "ipfs",
            "appendCBOR": true
          },
          "outputSelection": {
            "*": {
              "": [
                "ast"
              ],
              "*": [
                "abi",
                "evm.bytecode",
                "evm.deployedBytecode",
                "evm.methodIdentifiers",
                "metadata"
              ]
            }
          },
          "evmVersion": "london",
          "libraries": {}
        }
      },
      "imports": [],
      "versionRequirement": null,
      "artifacts": {
        "Farm.t": {
          "0.8.19+commit.7dd6d404.Windows.msvc": "Farm.t.sol\\Farm.t.json"
        }
      }
    },
    "test/Reserve.t.sol": {
      "lastModificationDate": 1683724060647,
      "contentHash": "97ae0c190a81796786d054c251f4a152",
      "sourceName": "test/Reserve.t.sol",
      "solcConfig": {
        "settings": {
          "optimizer": {
            "enabled": true,
            "runs": 200
          },
          "metadata": {
            "bytecodeHash": "ipfs",
            "appendCBOR": true
          },
          "outputSelection": {
            "*": {
              "": [
                "ast"
              ],
              "*": [
                "abi",
                "evm.bytecode",
                "evm.deployedBytecode",
                "evm.methodIdentifiers",
                "metadata"
              ]
            }
          },
          "evmVersion": "london",
          "libraries": {}
        }
      },
      "imports": [
        "lib/forge-std/lib/ds-test/src\\test.sol",
        "lib/forge-std/src/Base.sol",
        "lib/forge-std/src/StdAssertions.sol",
        "lib/forge-std/src/StdChains.sol",
        "lib/forge-std/src/StdCheats.sol",
        "lib/forge-std/src/StdError.sol",
        "lib/forge-std/src/StdInvariant.sol",
        "lib/forge-std/src/StdJson.sol",
        "lib/forge-std/src/StdMath.sol",
        "lib/forge-std/src/StdStorage.sol",
        "lib/forge-std/src/StdStyle.sol",
        "lib/forge-std/src/StdUtils.sol",
        "lib/forge-std/src\\Test.sol",
        "lib/forge-std/src/Vm.sol",
        "lib/forge-std/src/console.sol",
        "lib/forge-std/src/console2.sol",
        "lib/forge-std/src/interfaces/IMulticall3.sol",
        "src\\Control.sol",
        "src\\Reserve.sol",
        "src\\WBNB.sol",
        "src\\interfaces\\IAccessControl.sol",
        "src\\interfaces\\IERC165.sol",
        "src\\interfaces\\IERC20.sol",
        "src\\interfaces\\IERC20Permit.sol",
        "src\\interfaces\\IHYDT.sol",
        "src\\interfaces\\IPancakeFactory.sol",
        "src\\interfaces\\IPancakePair.sol",
        "src\\interfaces\\IPancakeRouter02.sol",
        "src\\interfaces\\IReserve.sol",
        "src\\interfaces\\Types.sol",
        "src\\libraries\\Address.sol",
        "src\\libraries\\DataFetcher.sol",
        "src\\libraries\\Math.sol",
        "src\\libraries\\SafeERC20.sol",
        "src\\libraries\\SafeETH.sol",
        "src\\libraries\\SignedMath.sol",
        "src\\libraries\\Strings.sol",
        "src\\utils\\AccessControl.sol",
        "src\\utils\\Context.sol",
        "src\\utils\\ERC165.sol",
        "src\\utils\\OpsReady.sol"
      ],
      "versionRequirement": "^0.8.18",
      "artifacts": {
        "ControlTest": {
          "0.8.19+commit.7dd6d404.Windows.msvc": "Reserve.t.sol\\ControlTest.json"
        }
      }
    }
  }
}